panel_num,total_task_time_s,head_x_m,head_y_m,head_z_m,head_x_rotation_deg,head_y_rotation_deg,head_z_rotation_deg,hand_x_m,hand_y_m,hand_z_m,hand_x_rotation_deg,hand_y_rotation_deg,hand_z_rotation_deg,error,time stamp
0,,0.0,0.282,0.522,0.0,0.0,0.0,0.28,1.362,0.554,0.0,0.0,0.0,0,2022-06-28 PM 5:29:35
0,time,-0.0117517,1.443431,0.3816658,351.8885,357.8733,359.4325,0.2679628,0.9690099,0.7344695,351.5059,18.3368,351.078,0,2022-06-28 PM 5:29:36
0,time,-0.0117517,1.443431,0.3816658,351.8885,357.8733,359.4325,0.2679628,0.9690099,0.7344695,351.5059,18.3368,351.078,0,2022-06-28 PM 5:29:36
0,time,-0.0117517,1.443431,0.3816658,351.8885,357.8733,359.4325,0.2679628,0.9690099,0.7344695,351.5059,18.3368,351.078,0,2022-06-28 PM 5:29:36
0,time,-0.0108801,1.443015,0.3809447,351.9128,357.9922,359.3869,0.2683881,0.9682267999999999,0.7342421,351.4067,18.38475,351.161,0,2022-06-28 PM 5:29:36
0,time,-0.0110421,1.442956,0.3808734,351.8851,357.8812,359.3542,0.2683125,0.9685159,0.7344531000000001,351.411,18.42293,351.1636,0,2022-06-28 PM 5:29:36
0,time,-0.0105882,1.442576,0.3820259,352.1131,357.9743,359.3111,0.2693476,0.9670323,0.7346264,351.5953,18.43122,351.0788,0,2022-06-28 PM 5:29:36
0,time,-0.0105882,1.442576,0.3820259,352.1131,357.9743,359.3111,0.2693476,0.9670323,0.7346264,351.5953,18.43122,351.0788,0,2022-06-28 PM 5:29:36
0,time,-0.0106177,1.442647,0.3821209,352.1261,357.9714,359.3146,0.2688685,0.9675977,0.7345039,351.5891,18.44532,351.1009,0,2022-06-28 PM 5:29:36
0,time,-0.0106303,1.442211,0.3825404,352.2905,357.9546,359.3248,0.2689684,0.9673784,0.734924,351.6329,18.46368,351.112,0,2022-06-28 PM 5:29:36
0,time,-0.010445,1.442106,0.382627,352.2395,357.893,359.3517,0.2696526,0.9663476,0.7345334,351.6177,18.45141,351.0527,0,2022-06-28 PM 5:29:36
0,time,-0.0105182,1.44153,0.3829001,352.6503,357.9583,359.2331,0.2698715,0.9676836,0.7335621,351.2153,18.91119,351.0627,0,2022-06-28 PM 5:29:36
0,time,-0.0113393,1.437154,0.3832188,355.0659,358.2834,358.9307,0.2633084,0.9885451,0.7298928,343.4139,18.62474,355.4758,0,2022-06-28 PM 5:29:37
0,time,-0.0128593,1.42883,0.3845107,359.2963,358.4373,358.7155,0.2330835,1.0376313,0.7269722000000001,331.615,13.22972,358.8931,0,2022-06-28 PM 5:29:37
0,time,-0.0123832,1.420679,0.3847545,2.949517,358.8822,358.134,0.1991948,1.0985230000000001,0.723981,320.651,7.207574,1.636589,0,2022-06-28 PM 5:29:37
0,time,-0.0121449,1.420411,0.3836462,3.528977,359.6854,358.1957,0.1722539,1.1588100000000001,0.7253715000000001,312.4777,4.841515,1.152949,0,2022-06-28 PM 5:29:37
0,time,-0.0127287,1.421424,0.3811024,3.283687,359.9483,358.4709,0.149096,1.208692,0.728089,305.962,2.234638,0.942329,0,2022-06-28 PM 5:29:37
0,time,-0.0153779,1.421929,0.3799439,3.359402,359.6913,358.7059,0.1291902,1.249007,0.7266804,300.4978,359.6742,0.9957033,0,2022-06-28 PM 5:29:37
0,time,-0.0183184,1.42228,0.3790885,3.429741,359.4629,359.0083,0.1151653,1.27536,0.7263647,296.9871,358.0261,1.210001,0,2022-06-28 PM 5:29:37
0,time,-0.0213877,1.422016,0.3786537,3.585567,359.4614,359.1873,0.1035031,1.292529,0.7258669,294.9919,356.9688,0.9343697,0,2022-06-28 PM 5:29:37
0,time,-0.025082,1.422004,0.3785492,3.709306,359.2407,359.5207,0.0931843,1.302224,0.7237364000000001,294.0689,356.2479,0.1350191,0,2022-06-28 PM 5:29:37
0,time,-0.0293356,1.42229,0.379082,3.667457,358.873,359.8808,0.0844965,1.308229,0.7209746,293.2626,356.6791,358.1733,0,2022-06-28 PM 5:29:37
0,time,-0.033773,1.423563,0.379611,3.360068,358.4093,0.2463863,0.0756967,1.3098830000000001,0.7181724,293.1664,356.0667,357.5347,0,2022-06-28 PM 5:29:38
0,time,-0.0377808,1.424721,0.3798569,3.028576,358.0029,0.5889272,0.06880359999999999,1.3090840000000001,0.7157925,292.9199,355.4266,357.4375,0,2022-06-28 PM 5:29:38
0,time,-0.0412021,1.425177,0.379932,2.809207,357.7411,0.920897,0.0632683,1.3086410000000002,0.7151941,293.0199,354.5258,357.5648,0,2022-06-28 PM 5:29:38
0,time,-0.0443354,1.425187,0.3803932,2.886801,357.5981,1.131026,0.0575374,1.309617,0.7174286000000001,292.8334,353.0638,358.9738,0,2022-06-28 PM 5:29:38
0,time,-0.0464393,1.42602,0.3805676,2.710334,357.4683,1.335332,0.0513369,1.3130300000000001,0.725319,293.2106,352.039,359.7468,0,2022-06-28 PM 5:29:38
0,time,-0.0480416,1.427109,0.3802662,2.330867,357.3662,1.40523,0.0414174,1.3204250000000002,0.7390839,293.9132,349.9119,1.52928,0,2022-06-28 PM 5:29:38
0,time,-0.0493761,1.428001,0.3798408,1.998647,357.3311,1.366363,0.0325095,1.331207,0.7561535,294.3521,349.5423,2.027324,0,2022-06-28 PM 5:29:38
0,time,-0.0511401,1.428927,0.3798123,1.745234,357.0988,1.41564,0.0237479,1.340613,0.7766563000000001,294.8261,348.1569,4.147506,0,2022-06-28 PM 5:29:38
0,time,-0.0529317,1.429708,0.3803763,1.588907,356.978,1.465172,0.0189809,1.346802,0.8015891,296.8774,349.4344,3.616112,0,2022-06-28 PM 5:29:38
0,time,-0.0547216,1.430674,0.3811809,1.493876,356.9908,1.406779,0.015071799999999998,1.347561,0.8321046000000001,301.3885,350.5571,2.473748,0,2022-06-28 PM 5:29:38
0,time,-0.0564281,1.431433,0.3819254,1.357388,356.8533,1.515452,0.0103503,1.34161,0.8684047,308.9433,350.6509,1.219857,0,2022-06-28 PM 5:29:39
0,time,-0.0579984,1.432356,0.382562,1.081168,356.7217,1.698087,0.010051399999999999,1.337247,0.8951646,311.5072,351.8896,0.9046912,0,2022-06-28 PM 5:29:39
0,time,-0.0597504,1.432153,0.3833446,1.003401,356.1646,1.891605,0.0121608,1.330173,0.9144345,313.6662,353.5918,1.300881,0,2022-06-28 PM 5:29:39
0,time,-0.0619885,1.431536,0.3845517,1.127375,355.5365,1.940326,0.014329599999999998,1.325399,0.9267708,315.9016,354.5067,1.465138,0,2022-06-28 PM 5:29:39
0,time,-0.0639604,1.431807,0.3860182,1.102027,355.3551,2.11471,0.018456599999999997,1.3304200000000002,0.9209863,317.0451,356.3228,357.1739,0,2022-06-28 PM 5:29:39
0,time,-0.0650669,1.43866,0.3871011,357.8846,355.2825,2.301634,0.0247245,1.3514140000000001,0.8834850000000001,309.6712,357.8458,351.1761,0,2022-06-28 PM 5:29:39
1,3,-0.0644001,1.450191,0.3848154,352.4222,354.9633,2.351062,0.036885299999999996,1.358884,0.8248163000000001,298.5762,358.7434,348.5426,0,2022-06-28 PM 5:29:39
1,3,-0.0617253,1.45507,0.3807374,350.0339,354.5474,1.882275,0.0549893,1.3331680000000001,0.7736005,291.3187,356.5804,353.39,0,2022-06-28 PM 5:29:39
1,3,-0.0579348,1.455992,0.3788707,349.1543,354.1108,1.983676,0.07799249999999999,1.2779230000000001,0.7454282,292.0535,348.7109,6.375463,0,2022-06-28 PM 5:29:39
1,4,-0.051804,1.457406,0.3778675,348.1463,354.0869,1.76617,0.1074854,1.20317,0.7386829,302.1155,343.9996,15.39899,0,2022-06-28 PM 5:29:39
1,4,-0.043704,1.457838,0.3777476,347.4445,354.2679,1.717066,0.1469935,1.1319890000000001,0.7380272,313.8273,347.4326,17.13549,0,2022-06-28 PM 5:29:40
1,4,-0.0348506,1.457835,0.3796141,347.2228,354.3419,1.526688,0.180966,1.0832950000000001,0.7318104000000001,322.7913,352.6398,14.33055,0,2022-06-28 PM 5:29:40
1,4,-0.0239415,1.455194,0.3827466,347.5825,354.1732,0.8306563,0.2075694,1.0570077,0.7248274,326.5047,358.8704,9.717986,0,2022-06-28 PM 5:29:40
1,4,-0.011614,1.447662,0.3879684,350.5129,354.2774,359.2636,0.2291422,1.0440862,0.7204367,329.0719,8.04983,1.614532,0,2022-06-28 PM 5:29:40
1,4,-0.0031813,1.438074,0.3915997,355.118,355.3857,357.5334,0.2296008,1.03758,0.7210544,331.1812,6.400928,2.559383,0,2022-06-28 PM 5:29:40
1,4,0.0014668,1.429905,0.3931659,358.6823,355.1123,357.8233,0.2315622,1.0404279,0.7203172,330.0707,7.416586,1.920086,0,2022-06-28 PM 5:29:40
1,4,0.0035837,1.422441,0.3930423,2.094735,354.8573,357.3757,0.2321416,1.0431196,0.7200719,329.5929,7.543777,1.698715,0,2022-06-28 PM 5:29:40
1,4,0.0047344,1.418747,0.3928085,3.603432,355.0291,357.1305,0.2323329,1.0444104,0.7190269,329.2898,7.286373,1.845429,0,2022-06-28 PM 5:29:40
1,4,0.0061208,1.417313,0.392271,4.205472,356.25,357.2078,0.2333999,1.043911,0.7189871,329.381,7.849126,1.586028,0,2022-06-28 PM 5:29:40
1,5,0.0071958,1.41656,0.391715,4.41342,357.6642,357.564,0.2320026,1.0456349,0.7186404000000001,329.0344,7.832993,1.684879,0,2022-06-28 PM 5:29:40
1,5,0.0060213,1.41608,0.3919075,4.529236,358.1672,357.9985,0.2296304,1.0456528,0.7177147,328.688,7.554061,1.847836,0,2022-06-28 PM 5:29:41
1,5,0.0028555,1.416132,0.3928234,4.615712,357.8164,358.1464,0.2279506,1.044711,0.7183806,328.7603,7.487285,1.836593,0,2022-06-28 PM 5:29:41
1,5,-0.0003715,1.416257,0.394119,4.649481,357.3693,358.4519,0.2259717,1.0445121,0.7182616000000001,328.5304,7.380978,1.885802,0,2022-06-28 PM 5:29:41
1,5,-0.003827,1.415818,0.3958471,4.835281,356.681,358.6713,0.2243375,1.0449413,0.7178897000000001,327.9901,7.284786,1.886301,0,2022-06-28 PM 5:29:41
1,5,-0.0084054,1.416076,0.3979846,5.121771,355.7131,359.0876,0.2175374,1.0531604,0.7138795,324.4845,4.879302,5.042994,0,2022-06-28 PM 5:29:41
1,5,-0.0132527,1.41668,0.3987152,5.299978,354.8687,359.4078,0.2048214,1.0710554,0.7064277,318.5699,0.9746352,8.680857,0,2022-06-28 PM 5:29:41
1,5,-0.0178378,1.417628,0.3984967,5.206244,354.0812,359.8431,0.17457229999999999,1.1060050000000001,0.6968003,310.3942,352.8248,15.07648,0,2022-06-28 PM 5:29:41
1,5,-0.0209327,1.419332,0.3963007,4.815815,353.9518,359.916,0.1247741,1.152252,0.6907824,303.015,340.8345,20.08373,0,2022-06-28 PM 5:29:41
1,5,-0.0245754,1.421828,0.3936747,3.738384,353.9485,0.1222647,0.0726832,1.20529,0.6991321,298.3923,333.6379,19.27382,0,2022-06-28 PM 5:29:41
1,6,-0.0291911,1.42368,0.3915334,3.102162,353.896,0.315452,0.029376799999999998,1.254485,0.7242311,296.0033,334.9409,12.80209,0,2022-06-28 PM 5:29:41
1,6,-0.0348359,1.425468,0.3907827,2.532965,353.5978,0.1575879,-0.0142305,1.290801,0.7593201,296.008,332.1819,14.27127,0,2022-06-28 PM 5:29:42
1,6,-0.041635,1.427349,0.3913975,2.135908,353.4676,0.1916616,-0.050627599999999995,1.3113000000000001,0.7958358,299.0755,331.9451,13.26275,0,2022-06-28 PM 5:29:42
1,6,-0.0493772,1.429095,0.3928875,1.824747,353.0238,0.6471794,-0.07589,1.323404,0.829682,302.1591,333.377,11.94283,0,2022-06-28 PM 5:29:42
1,6,-0.0559458,1.429103,0.3934417,1.757983,352.2838,0.9147068,-0.0867369,1.32482,0.8622831000000001,305.8145,338.1313,8.996531,0,2022-06-28 PM 5:29:42
1,6,-0.0616351,1.429551,0.3940548,1.657887,351.8932,1.359263,-0.0881622,1.31655,0.8931066000000001,311.8648,343.6172,4.394142,0,2022-06-28 PM 5:29:42
1,6,-0.0663804,1.429753,0.3944864,1.521136,351.3678,1.653474,-0.0824698,1.308569,0.9146844000000001,315.2498,348.0216,1.73328,0,2022-06-28 PM 5:29:42
1,6,-0.0696342,1.429866,0.3950225,1.487717,350.9744,1.956617,-0.0768971,1.30637,0.9228467,316.804,350.3131,359.2279,0,2022-06-28 PM 5:29:42
1,6,-0.0715911,1.430065,0.3960245,1.491552,350.9593,2.193974,-0.0730101,1.31068,0.9184722000000001,317.9954,351.5829,355.0698,0,2022-06-28 PM 5:29:42
1,6,-0.0718174,1.431228,0.3952149,0.9019236,351.3844,2.384017,-0.0644649,1.320036,0.8898977,312.2296,351.701,352.1229,0,2022-06-28 PM 5:29:42
2,7,-0.0711796,1.433864,0.3932475,359.583,351.459,2.743222,-0.0473537,1.320232,0.8401416,302.3536,349.7066,352.9817,0,2022-06-28 PM 5:29:42
2,7,-0.0676822,1.436613,0.390722,358.1718,351.8578,2.441784,-0.016227600000000002,1.297257,0.7868448,295.4485,345.7151,357.7119,0,2022-06-28 PM 5:29:43
2,7,-0.0621393,1.438316,0.3889708,357.351,352.4254,2.41401,0.0255237,1.2543140000000002,0.7400106000000001,293.3657,344.1031,3.433837,0,2022-06-28 PM 5:29:43
2,7,-0.0547257,1.438173,0.3880243,357.1221,352.8093,2.655896,0.06520429999999999,1.208774,0.7117277000000001,298.1884,342.2773,10.41624,0,2022-06-28 PM 5:29:43
2,7,-0.0458589,1.436542,0.3878202,357.6513,353.1106,2.415927,0.10352599999999999,1.17551,0.6997703000000001,305.6453,347.2437,10.97912,0,2022-06-28 PM 5:29:43
2,7,-0.0362028,1.435974,0.3871267,357.7206,353.419,1.764583,0.13549830000000002,1.1608450000000001,0.6910993000000001,308.3641,354.9874,7.00427,0,2022-06-28 PM 5:29:43
2,7,-0.0261941,1.436807,0.3853193,357.1284,353.9594,0.6694202,0.1560151,1.159126,0.6855348,307.7113,0.0945454,4.458291,0,2022-06-28 PM 5:29:43
2,7,-0.0200203,1.438929,0.383653,356.1679,354.5725,359.4957,0.1639564,1.1627450000000001,0.6868354,307.0948,358.6799,6.242347,0,2022-06-28 PM 5:29:43
2,7,-0.0177505,1.440294,0.3828784,355.278,353.9221,359.1939,0.17153,1.166174,0.6850809,305.6279,359.9641,5.375508,0,2022-06-28 PM 5:29:43
2,7,-0.0183184,1.441386,0.382975,354.8918,353.1623,358.5051,0.1737407,1.1654710000000001,0.6847578000000001,306.3306,0.8002706,4.444048,0,2022-06-28 PM 5:29:43
2,8,-0.0197535,1.442187,0.3841874,354.3211,352.9562,358.5246,0.1711242,1.16574,0.6822497000000001,306.0661,359.3544,5.591657,0,2022-06-28 PM 5:29:43
2,8,-0.0197218,1.44143,0.3854225,354.2456,353.8123,358.9102,0.1694649,1.1685320000000001,0.6803421000000001,305.4824,359.1046,5.709018,0,2022-06-28 PM 5:29:44
2,8,-0.018988,1.44066,0.3862253,354.253,354.8352,359.239,0.1681899,1.1713,0.6787263,305.0063,358.8056,5.891489,0,2022-06-28 PM 5:29:44
2,8,-0.0172715,1.440454,0.3862621,354.2137,356.0915,359.2227,0.1683734,1.170749,0.6778580000000001,305.0461,358.8167,6.058953,0,2022-06-28 PM 5:29:44
2,8,-0.0149552,1.440713,0.3860806,354.0988,357.4237,359.326,0.1688835,1.169782,0.6773878,305.2042,358.7656,6.190389,0,2022-06-28 PM 5:29:44
2,8,-0.012223,1.441181,0.38593,353.8686,358.5567,359.3961,0.1698544,1.171485,0.6766456000000001,304.9633,358.8203,6.272356,0,2022-06-28 PM 5:29:44
2,8,-0.0089569,1.441357,0.3856879,353.818,359.8951,359.2641,0.1714073,1.172963,0.6764628,304.6884,359.2,6.138424,0,2022-06-28 PM 5:29:44
2,8,-0.005108,1.441351,0.3849328,353.7772,1.546332,359.3148,0.1718326,1.1740080000000002,0.676138,304.4927,359.35,6.093605,0,2022-06-28 PM 5:29:44
2,8,-0.0011076,1.441541,0.3839511,353.7191,3.179165,359.2613,0.1716051,1.174042,0.6752492,304.3751,359.2545,6.203269,0,2022-06-28 PM 5:29:44
2,8,0.0026611,1.441303,0.382924,353.7399,4.635505,359.0451,0.17227409999999999,1.175097,0.6748816000000001,304.2563,359.3049,6.088768,0,2022-06-28 PM 5:29:44
2,9,0.0044558,1.440089,0.3825513,354.4225,5.363664,358.883,0.1722037,1.1772470000000002,0.6737682,303.8628,359.3745,6.07764,0,2022-06-28 PM 5:29:44
2,9,0.0051214,1.438402,0.3824942,355.0832,5.235445,358.674,0.1722852,1.179961,0.6719629,303.4207,359.5127,5.773001,0,2022-06-28 PM 5:29:45
2,9,0.0045193,1.437512,0.3825981,355.5585,4.792457,358.6646,0.1716759,1.1817630000000001,0.6703228,303.1378,359.5111,5.67471,0,2022-06-28 PM 5:29:45
2,9,0.0036823,1.43697,0.3828084,355.9139,4.373655,358.5946,0.1715242,1.1830040000000002,0.6697794,302.8807,359.7258,5.281369,0,2022-06-28 PM 5:29:45
2,9,0.0034697,1.436535,0.3832505,356.0754,4.351163,358.5514,0.1706797,1.183672,0.6692475,302.7928,359.6537,5.269403,0,2022-06-28 PM 5:29:45
2,9,0.0037035,1.437321,0.3832834,355.8456,4.651084,358.6429,0.1701296,1.1840190000000002,0.6683017,302.6161,359.4251,5.419544,0,2022-06-28 PM 5:29:45
2,9,0.0043925,1.438302,0.3831086,355.4576,5.170433,358.6621,0.1700743,1.184463,0.6681772,302.5187,359.5425,5.302649,0,2022-06-28 PM 5:29:45
2,9,0.0054114,1.438836,0.3823519,355.3051,5.598039,358.684,0.170173,1.184806,0.6680149000000001,302.4871,359.8554,4.93888,0,2022-06-28 PM 5:29:45
2,9,0.00529,1.439719,0.3817511,355.0777,5.715527,358.7739,0.1700201,1.18683,0.6678177000000001,302.3011,359.8831,4.862026,0,2022-06-28 PM 5:29:45
2,9,0.0045654,1.440723,0.3802804,354.7802,5.679859,359.0585,0.1675325,1.1933660000000001,0.6699117,301.7975,0.5414035,3.709053,0,2022-06-28 PM 5:29:45
2,10,0.0043253,1.441096,0.3784243,354.6017,5.526957,359.1668,0.1591093,1.2100250000000001,0.6747981000000001,299.5652,359.7201,3.079798,0,2022-06-28 PM 5:29:45
2,10,0.003343,1.440788,0.3764703,354.9167,5.625512,359.2292,0.1425362,1.240056,0.6852232,295.7206,352.7184,8.27565,0,2022-06-28 PM 5:29:46
2,10,6.12e-05,1.439462,0.3755386,355.883,5.34669,359.4602,0.1268903,1.279905,0.7033788000000001,291.916,347.7443,11.09904,0,2022-06-28 PM 5:29:46
2,10,-0.0040767,1.438903,0.3756664,356.3825,4.609712,359.7171,0.1119621,1.3170030000000001,0.7283822,289.8809,345.3727,11.18086,0,2022-06-28 PM 5:29:46
2,10,-0.0078855,1.437773,0.3765097,357.1621,4.249449,359.3947,0.0992582,1.351332,0.7555073,288.7036,346.5385,8.556154,0,2022-06-28 PM 5:29:46
2,10,-0.0119947,1.437497,0.3778755,357.6006,4.01487,359.4007,0.0887828,1.3766230000000002,0.7831217,289.704,348.3023,6.125582,0,2022-06-28 PM 5:29:46
2,10,-0.0171127,1.43763,0.3796088,357.7297,3.610056,359.868,0.0791948,1.394379,0.8032473,290.1971,347.9734,6.525769,0,2022-06-28 PM 5:29:46
2,10,-0.0238287,1.438921,0.380642,357.4075,2.29214,0.3648929,0.0706034,1.407707,0.8230487000000001,291.867,347.9649,6.355923,0,2022-06-28 PM 5:29:46
2,10,-0.0339251,1.440051,0.3812597,357.1886,358.8064,0.2119414,0.0656336,1.417542,0.8454784000000001,295.566,350.7631,2.735879,0,2022-06-28 PM 5:29:46
2,10,-0.0436149,1.440837,0.3809953,357.0815,355.9654,0.4637491,0.0634547,1.422962,0.8700603,300.0641,353.7221,359.7968,0,2022-06-28 PM 5:29:46
2,11,-0.0495589,1.441702,0.3797947,356.8096,354.8919,1.162562,0.0637117,1.424005,0.8957821,306.6791,357.0282,357.3509,0,2022-06-28 PM 5:29:46
2,11,-0.0521239,1.4424,0.3780835,356.4657,355.0658,1.510798,0.0659848,1.4194250000000002,0.9183522000000001,312.0204,359.5297,355.0759,0,2022-06-28 PM 5:29:47
2,11,-0.053582,1.442638,0.377048,356.3031,355.6273,1.903838,0.06853229999999999,1.414604,0.9315935000000001,315.0624,1.254498,354.1931,0,2022-06-28 PM 5:29:47
2,11,-0.0547851,1.441666,0.377081,356.6288,356.1174,1.953416,0.0716215,1.412282,0.9320365,315.114,3.108939,352.614,0,2022-06-28 PM 5:29:47
2,11,-0.0560104,1.439796,0.3780082,357.3344,356.622,2.029237,0.0745838,1.413464,0.9087864,309.6534,5.751791,348.4397,0,2022-06-28 PM 5:29:47
3,11,-0.0562933,1.437097,0.3794977,358.1993,357.0308,2.121979,0.0722981,1.4070040000000001,0.867777,301.6558,2.617013,349.5876,0,2022-06-28 PM 5:29:47
3,11,-0.0550879,1.435264,0.3811391,358.8264,357.5503,1.833672,0.0713225,1.385663,0.820356,295.8262,355.4013,355.5989,0,2022-06-28 PM 5:29:47
3,11,-0.0526178,1.434069,0.3824245,359.2045,358.0453,1.839016,0.0784829,1.3517130000000002,0.7768508000000001,292.3262,351.0873,0.9843977,0,2022-06-28 PM 5:29:47
3,11,-0.0489984,1.433267,0.3832377,359.4497,358.0761,1.864955,0.0881232,1.308653,0.7425662000000001,291.8988,345.4312,8.449427,0,2022-06-28 PM 5:29:47
3,11,-0.0449269,1.432623,0.3845412,359.7989,357.7844,1.79569,0.0990216,1.2654340000000002,0.7159446,292.6922,343.0048,13.76069,0,2022-06-28 PM 5:29:47
3,12,-0.0397656,1.432587,0.3855291,359.7021,357.5861,1.507994,0.1137261,1.229193,0.6944047,293.9059,345.5586,14.49735,0,2022-06-28 PM 5:29:47
3,12,-0.0339686,1.431721,0.3861049,359.681,357.3852,0.9150282,0.130403,1.2015850000000001,0.6792051,296.5037,352.0931,9.956166,0,2022-06-28 PM 5:29:48
3,12,-0.0289819,1.43084,0.3868092,359.9063,356.7299,0.2832814,0.14456180000000002,1.185017,0.6700207,298.3932,356.3037,7.681822,0,2022-06-28 PM 5:29:48
3,12,-0.025197,1.430869,0.3881996,359.8465,355.8533,359.6322,0.1560483,1.179731,0.6639298,298.5697,359.97,5.76217,0,2022-06-28 PM 5:29:48
3,12,-0.022845,1.429936,0.3893862,0.0351781,355.7591,359.2733,0.1591182,1.1864480000000002,0.6630865,297.3559,355.9642,10.09524,0,2022-06-28 PM 5:29:48
3,12,-0.021359,1.428913,0.3900442,0.2814102,355.287,359.4825,0.16696249999999999,1.1942030000000001,0.6591502,296.0033,359.5877,6.939272,0,2022-06-28 PM 5:29:48
3,12,-0.0192275,1.427641,0.3905285,0.3730302,355.6135,359.4026,0.1690224,1.196596,0.6568156,295.6746,359.7894,6.75472,0,2022-06-28 PM 5:29:48
3,12,-0.0173259,1.426373,0.390682,0.5696136,356.306,359.4267,0.1676188,1.1972180000000001,0.6547261,295.3094,358.3627,8.056079,0,2022-06-28 PM 5:29:48
3,12,-0.0169588,1.426601,0.3912912,0.5812144,356.7655,359.4014,0.1665656,1.198179,0.6534351,294.8355,358.0599,8.256816,0,2022-06-28 PM 5:29:48
3,12,-0.0168889,1.426179,0.3919136,0.7774023,357.1814,359.2108,0.1662879,1.198917,0.653958,294.9152,358.2824,7.987229,0,2022-06-28 PM 5:29:48
3,13,-0.0164657,1.42571,0.392351,0.9665305,357.565,359.2209,0.1653604,1.1990800000000001,0.6533393000000001,294.8675,357.9044,8.354625,0,2022-06-28 PM 5:29:48
3,13,-0.0159957,1.425797,0.3926755,0.9705737,357.9683,359.2238,0.165329,1.198712,0.6528078,294.8525,357.8735,8.393631,0,2022-06-28 PM 5:29:49
3,13,-0.0147659,1.42575,0.3923332,0.9794171,358.4863,359.317,0.1660421,1.199324,0.6525499,294.7553,358.5406,7.743254,0,2022-06-28 PM 5:29:49
3,13,-0.0128325,1.426023,0.3915957,0.8572653,359.2456,359.403,0.1654553,1.200989,0.6514479000000001,294.5277,358.3974,7.859699,0,2022-06-28 PM 5:29:49
3,13,-0.0105918,1.426257,0.390404,0.7681147,359.9714,359.394,0.1650961,1.2024700000000001,0.6500825,294.2179,358.1027,8.153279,0,2022-06-28 PM 5:29:49
3,13,-0.0088768,1.427,0.3896573,0.6727065,0.6589038,359.4242,0.1659529,1.203959,0.6493729,293.9207,358.5832,7.78081,0,2022-06-28 PM 5:29:49
3,13,-0.0068135,1.426818,0.3884371,0.6805221,1.375469,359.5314,0.1666003,1.204428,0.6480817,293.7942,358.8212,7.610952,0,2022-06-28 PM 5:29:49
3,13,-0.0049077,1.426715,0.387675,0.6472434,2.21903,359.6168,0.1666173,1.205192,0.6475841,293.6627,358.9014,7.540195,0,2022-06-28 PM 5:29:49
3,13,-0.002769,1.426175,0.3871669,0.7450666,3.131537,359.7935,0.1658491,1.2049860000000001,0.6470915,293.7506,358.4986,7.867666,0,2022-06-28 PM 5:29:49
3,13,-0.0007865,1.425894,0.3871517,0.8398044,4.075698,359.8592,0.1653122,1.2050210000000001,0.646706,293.7638,358.6145,7.592483,0,2022-06-28 PM 5:29:49
3,14,0.0005597,1.425385,0.3869421,0.9720422,4.562696,359.9056,0.164578,1.2049880000000002,0.6460589,293.7968,358.3999,7.678953,0,2022-06-28 PM 5:29:49
3,14,-0.0004185,1.424544,0.3875981,1.499776,4.033736,359.7379,0.1644203,1.205653,0.6459843000000001,293.7091,358.3795,7.558793,0,2022-06-28 PM 5:29:50
3,14,-0.0023125,1.422855,0.3883256,2.237089,2.815466,359.4755,0.1643608,1.2066620000000001,0.6450697000000001,293.5166,358.4688,7.378054,0,2022-06-28 PM 5:29:50
3,14,-0.0046451,1.421763,0.3890129,2.780576,1.432106,359.1807,0.1650412,1.207632,0.6450669,293.4035,358.887,6.972784,0,2022-06-28 PM 5:29:50
3,14,-0.0072285,1.421237,0.3900685,3.179604,0.4370452,359.0384,0.1654448,1.20797,0.6447860000000001,293.3079,359.1256,6.77913,0,2022-06-28 PM 5:29:50
3,14,-0.00877,1.420647,0.3907796,3.529858,359.752,358.9536,0.1655207,1.208596,0.6448194,293.2596,359.08,6.78604,0,2022-06-28 PM 5:29:50
3,14,-0.0111723,1.419497,0.3915942,4.097391,358.7416,358.6219,0.1651737,1.208437,0.6446167,293.2057,359.0568,6.835965,0,2022-06-28 PM 5:29:50
3,14,-0.0137736,1.418511,0.3920215,4.453024,357.6705,358.5906,0.16515849999999999,1.207788,0.6444884000000001,293.1342,359.054,6.771183,0,2022-06-28 PM 5:29:50
3,14,-0.0161874,1.418546,0.3920811,4.540411,357.0242,358.8861,0.1644748,1.208463,0.6438574,293.0259,358.8603,6.922212,0,2022-06-28 PM 5:29:50
3,14,-0.0168946,1.418582,0.392091,4.596886,357.3083,359.2352,0.1637452,1.2084890000000001,0.6433431000000001,293.1029,358.6253,7.143239,0,2022-06-28 PM 5:29:50
3,15,-0.0157241,1.418808,0.3918026,4.448662,358.0875,359.4585,0.1633417,1.208506,0.6436766,293.0391,358.592,7.256791,0,2022-06-28 PM 5:29:50
3,15,-0.0139642,1.419111,0.3912072,4.301462,359.0563,359.6976,0.163135,1.209122,0.6430741,292.8755,358.3608,7.543897,0,2022-06-28 PM 5:29:51
3,15,-0.0110077,1.41919,0.3908191,4.209298,0.5130594,0.0808817,0.163221,1.2096520000000002,0.6422411,292.7678,358.3846,7.482471,0,2022-06-28 PM 5:29:51
3,15,-0.0074954,1.419398,0.3901853,4.114997,1.862242,0.4144969,0.1635028,1.210229,0.6420816,292.6828,358.664,7.208698,0,2022-06-28 PM 5:29:51
3,15,-0.0041429,1.419399,0.3898844,4.069292,3.033314,0.3549478,0.1642258,1.2107970000000001,0.6422363,292.6362,359.1019,6.866355,0,2022-06-28 PM 5:29:51
3,15,-0.0013514,1.419188,0.3893753,4.026446,3.932556,0.3255688,0.1647467,1.211295,0.6419412,292.5304,359.0154,7.040064,0,2022-06-28 PM 5:29:51
3,15,-0.0001138,1.419427,0.3890826,3.984411,4.307529,0.2562382,0.1648966,1.2111480000000001,0.6415890000000001,292.5926,358.9893,7.076482,0,2022-06-28 PM 5:29:51
3,15,0.000508,1.419775,0.3886877,3.842725,4.502119,0.2268796,0.1649896,1.211691,0.6417946,292.504,359.1252,6.925287,0,2022-06-28 PM 5:29:51
3,15,0.0004706,1.420647,0.3881859,3.648288,4.625433,0.1805423,0.1649502,1.2119600000000001,0.6414024,292.4167,359.0751,6.990603,0,2022-06-28 PM 5:29:51
3,15,-0.0010536,1.423558,0.3885321,2.374226,3.931321,359.6654,0.1654824,1.211634,0.6411399,292.3876,359.2488,6.919678,0,2022-06-28 PM 5:29:51
3,16,-0.0040811,1.425142,0.3876801,1.833609,2.598869,359.4095,0.1654418,1.211737,0.6412307,292.4918,359.0641,7.079456,0,2022-06-28 PM 5:29:51
3,16,-0.0065035,1.425846,0.3874387,1.45779,1.521781,359.338,0.1646927,1.2117520000000002,0.6413292,292.4042,358.8768,7.198467,0,2022-06-28 PM 5:29:52
3,16,-0.0085044,1.425754,0.3874875,1.551486,0.7834803,359.1836,0.1637602,1.210947,0.6412219,292.6036,358.7373,7.191266,0,2022-06-28 PM 5:29:52
3,16,-0.0098336,1.425329,0.3878199,1.635859,0.2367277,359.1672,0.1633145,1.2111040000000002,0.6408769000000001,292.7087,358.5934,7.287828,0,2022-06-28 PM 5:29:52
3,16,-0.0108749,1.425513,0.3882927,1.657702,359.8787,359.2879,0.1636886,1.210448,0.6415783,292.7539,359.1245,6.727746,0,2022-06-28 PM 5:29:52
3,16,-0.0112486,1.425498,0.3886014,1.674428,359.6045,359.312,0.1635715,1.209613,0.6422235000000001,292.8414,359.1023,6.70934,0,2022-06-28 PM 5:29:52
3,16,-0.0116508,1.425763,0.3888109,1.616201,359.3827,359.2503,0.163788,1.2096740000000001,0.6420633,292.8602,359.0517,6.758158,0,2022-06-28 PM 5:29:52
3,16,-0.0115855,1.425889,0.38845,1.585777,359.2504,359.1853,0.1646729,1.209702,0.6427125,292.8788,359.457,6.424958,0,2022-06-28 PM 5:29:52
3,16,-0.0115268,1.426087,0.3880822,1.522447,359.188,359.1805,0.1651738,1.210502,0.6422640000000001,292.7712,359.5609,6.370665,0,2022-06-28 PM 5:29:52
3,16,-0.0113386,1.42575,0.3878079,1.519211,359.0798,359.218,0.1652818,1.210644,0.642476,292.787,359.372,6.521745,0,2022-06-28 PM 5:29:52
3,17,-0.0124496,1.425851,0.3871475,1.577493,359.0287,359.2343,0.1632638,1.211368,0.6429344,292.7423,358.6654,7.3264,0,2022-06-28 PM 5:29:52
3,17,-0.0154971,1.427347,0.3863509,1.081802,358.0449,359.7392,0.151448,1.221387,0.6484536000000001,291.9491,356.2967,8.261802,0,2022-06-28 PM 5:29:53
3,17,-0.0168941,1.428078,0.384572,0.937809,357.7739,359.4957,0.1201502,1.2519550000000002,0.6612629,288.5159,347.6122,11.69381,0,2022-06-28 PM 5:29:53
3,17,-0.0190582,1.429297,0.3832937,0.4438727,357.7827,0.0868021,0.07737849999999999,1.2923470000000001,0.6867231,286.7366,334.2829,18.75825,0,2022-06-28 PM 5:29:53
3,17,-0.023002,1.430934,0.3841677,0.2213723,357.4246,0.3055912,0.0363241,1.335018,0.7227877,286.0935,328.2453,20.20695,0,2022-06-28 PM 5:29:53
3,17,-0.0277277,1.431433,0.3857612,0.054013,357.2708,0.3345922,0.002527399999999999,1.3688770000000001,0.7682449,288.1077,330.6055,15.74022,0,2022-06-28 PM 5:29:53
3,17,-0.0340494,1.432221,0.3888391,0.0728145,357.1621,0.4536974,-0.0219655,1.393477,0.8115576,291.4527,335.0676,11.40038,0,2022-06-28 PM 5:29:53
3,17,-0.041548,1.432651,0.3923203,0.1216861,356.8177,0.7964267,-0.03699380000000001,1.4128850000000002,0.8464135,294.3544,339.4384,7.431913,0,2022-06-28 PM 5:29:53
3,17,-0.0486584,1.43163,0.3952047,0.5907381,356.6803,1.050468,-0.042434200000000005,1.420373,0.8778354,299.7534,345.1096,3.203522,0,2022-06-28 PM 5:29:53
3,17,-0.0551689,1.430111,0.3977569,1.26363,356.6157,1.658044,-0.045099200000000006,1.4203290000000002,0.9033428,307.0887,348.0001,0.2464122,0,2022-06-28 PM 5:29:53
3,18,-0.0608881,1.428567,0.3988971,1.832516,356.2602,2.223572,-0.046800900000000006,1.417599,0.9204549000000001,312.2851,349.0943,359.3015,0,2022-06-28 PM 5:29:53
3,18,-0.0639216,1.427657,0.3986797,2.10981,356.2066,2.420513,-0.0435768,1.418341,0.9209956,311.1615,349.928,359.4384,0,2022-06-28 PM 5:29:54
3,18,-0.0667732,1.425062,0.3978053,2.883673,355.9529,2.669075,-0.034823400000000004,1.421791,0.8992296000000001,304.5867,351.0054,357.0687,0,2022-06-28 PM 5:29:54
4,18,-0.0676103,1.422014,0.3975022,3.923629,356.0258,2.609961,-0.0236954,1.413583,0.8679501000000001,299.5667,349.0837,357.0558,0,2022-06-28 PM 5:29:54
4,18,-0.0674436,1.419447,0.3968347,4.795779,356.1121,2.63386,-0.011924999999999998,1.39724,0.8295292000000001,293.7549,343.5099,3.018538,0,2022-06-28 PM 5:29:54
4,18,-0.065711,1.418736,0.3958893,5.042236,356.1259,2.568675,0.0086661,1.3612090000000001,0.778988,287.1871,329.4483,19.1634,0,2022-06-28 PM 5:29:54
4,18,-0.0619237,1.41864,0.395101,5.028112,356.0402,2.591752,0.0361502,1.3158320000000001,0.7382401000000001,285.2908,323.2238,28.32387,0,2022-06-28 PM 5:29:54
4,18,-0.0553522,1.418597,0.3945575,4.980052,356.2645,2.271659,0.0633747,1.272674,0.7089733,286.1108,328.3038,26.85584,0,2022-06-28 PM 5:29:54
4,18,-0.0473175,1.418746,0.3950003,5.117609,356.9647,1.771483,0.0871938,1.239914,0.6869584000000001,287.7088,339.4417,18.40612,0,2022-06-28 PM 5:29:54
4,18,-0.0393745,1.418635,0.3952118,5.019845,357.2552,0.9925249,0.1068347,1.218744,0.667672,288.617,349.9228,10.4721,0,2022-06-28 PM 5:29:54
4,19,-0.0320991,1.418092,0.3949155,5.104481,357.1894,0.3037808,0.1166029,1.20509,0.6511444000000001,288.0396,346.6939,16.14256,0,2022-06-28 PM 5:29:54
4,19,-0.0258489,1.417076,0.3945711,5.397734,357.0804,359.6449,0.1254344,1.198935,0.6416358,287.5615,347.6313,16.6994,0,2022-06-28 PM 5:29:55
4,19,-0.0202205,1.416589,0.3941525,5.576153,357.3384,359.1598,0.13068829999999998,1.200205,0.6373848,287.1458,347.8723,16.9125,0,2022-06-28 PM 5:29:55
4,19,-0.0177145,1.41512,0.3944376,6.020168,357.4835,359.3169,0.1323905,1.205278,0.6350037000000001,286.3322,346.0069,18.88548,0,2022-06-28 PM 5:29:55
4,19,-0.0172547,1.413294,0.3946074,6.528768,357.0188,359.1956,0.1351126,1.2063160000000002,0.6348137,286.1272,347.5273,17.47347,0,2022-06-28 PM 5:29:55
4,19,-0.0185968,1.413346,0.3950018,6.559259,356.7308,359.2494,0.1340529,1.204763,0.6357428,286.6819,346.9171,17.9598,0,2022-06-28 PM 5:29:55
4,19,-0.0221067,1.413567,0.3952082,6.675605,356.4402,359.3896,0.1277538,1.2039440000000001,0.6358541,286.9043,343.6795,20.44987,0,2022-06-28 PM 5:29:55
4,19,-0.0276173,1.413917,0.3949454,6.650847,355.5521,359.9175,0.113903,1.208131,0.6367794,286.6214,339.5823,22.78807,0,2022-06-28 PM 5:29:55
4,19,-0.0332047,1.413735,0.3944505,6.651549,354.7903,359.9633,0.0876367,1.220379,0.640865,285.8103,326.1941,32.5442,0,2022-06-28 PM 5:29:55
4,19,-0.0399499,1.414644,0.3938907,6.63785,354.2169,0.5507988,0.0520348,1.23776,0.6491178000000001,285.6513,309.9052,43.96402,0,2022-06-28 PM 5:29:55
4,20,-0.0460231,1.41541,0.3928918,6.287621,353.6921,1.035588,0.006789,1.2566430000000002,0.6695481,288.646,302.9864,44.79032,0,2022-06-28 PM 5:29:55
4,20,-0.0518647,1.415801,0.3925985,6.137938,353.4069,1.319594,-0.038538699999999995,1.2728140000000001,0.6980334,291.2868,303.7674,38.64298,0,2022-06-28 PM 5:29:56
4,20,-0.0580984,1.416769,0.3938605,5.918732,353.2393,1.229005,-0.0802366,1.2876450000000002,0.732021,294.0963,305.7573,33.6947,0,2022-06-28 PM 5:29:56
4,20,-0.0642552,1.417145,0.395958,5.68574,353.0334,1.160794,-0.11280470000000001,1.301946,0.7684075,297.0152,311.2897,27.3796,0,2022-06-28 PM 5:29:56
4,20,-0.0701808,1.417325,0.3984498,5.592427,352.9036,1.182111,-0.1349694,1.3120990000000001,0.8006495,299.7388,315.6864,23.63116,0,2022-06-28 PM 5:29:56
4,20,-0.0761056,1.417359,0.4007803,5.532638,352.5897,1.572412,-0.1510396,1.3195970000000001,0.8285516,302.9804,319.2573,20.8534,0,2022-06-28 PM 5:29:56
4,20,-0.0808532,1.416585,0.4027677,5.808735,352.265,1.863805,-0.1638407,1.31796,0.8590766000000001,309.7781,325.2998,15.94432,0,2022-06-28 PM 5:29:56
4,20,-0.0842681,1.416487,0.4040784,6.009065,352.0435,2.020688,-0.1710396,1.310851,0.8828438000000001,315.7276,328.6251,14.16921,0,2022-06-28 PM 5:29:56
4,20,-0.0862451,1.415811,0.4046507,6.171181,351.9493,1.991583,-0.1710678,1.301657,0.8983678,318.8992,331.4721,12.50198,0,2022-06-28 PM 5:29:56
4,20,-0.0874175,1.416777,0.4045965,5.954422,352.0017,2.087118,-0.174052,1.3055830000000002,0.9045895,318.7191,331.5819,13.24286,0,2022-06-28 PM 5:29:56
4,21,-0.0878686,1.415953,0.4039765,6.180872,351.8922,2.084608,-0.1739139,1.307377,0.9053329,317.9797,331.955,13.17203,0,2022-06-28 PM 5:29:56
4,21,-0.0883467,1.414307,0.4041916,6.841189,352.0981,2.357686,-0.1663012,1.316295,0.8833686000000001,310.6176,329.8704,13.26771,0,2022-06-28 PM 5:29:57
5,21,-0.0871055,1.413022,0.4046243,7.435744,352.512,2.216305,-0.1454223,1.3161850000000002,0.8409659,300.8142,323.7672,16.90306,0,2022-06-28 PM 5:29:57
5,21,-0.0829222,1.41187,0.4046451,7.661333,353.3758,2.013425,-0.11595369999999999,1.309922,0.7924253,294.0125,319.1071,20.09617,0,2022-06-28 PM 5:29:57
5,21,-0.075815,1.411043,0.4043942,7.880967,354.5268,1.58005,-0.0773456,1.285125,0.7445525000000001,290.3953,312.7915,27.62047,0,2022-06-28 PM 5:29:57
5,21,-0.0665326,1.410118,0.4039736,8.047235,355.3285,1.520728,-0.0357054,1.254143,0.7079898,289.7365,312.6492,30.93374,0,2022-06-28 PM 5:29:57
5,21,-0.0552216,1.409279,0.4039633,8.349506,355.9679,1.345603,0.009015799999999997,1.2259330000000002,0.6838461,290.4024,319.3978,29.52276,0,2022-06-28 PM 5:29:57
5,21,-0.0432261,1.409417,0.4035317,8.329355,356.48,0.8767533,0.050758,1.207364,0.6650544,290.7884,325.3613,28.6139,0,2022-06-28 PM 5:29:57
5,21,-0.032051,1.409924,0.4021075,8.114908,356.8336,0.4061828,0.0836242,1.202031,0.6498395,290.0829,329.7797,28.49402,0,2022-06-28 PM 5:29:57
5,21,-0.0224526,1.41042,0.4000364,7.842796,356.8749,359.8286,0.109275,1.204179,0.6388179,287.907,333.8512,27.65053,0,2022-06-28 PM 5:29:57
5,22,-0.0136708,1.411194,0.3982094,7.759728,357.4725,359.0417,0.128191,1.208193,0.6347519,286.6124,342.0493,21.17263,0,2022-06-28 PM 5:29:57
5,22,-0.0058762,1.41137,0.3951272,7.672686,359.096,358.7798,0.1343339,1.214792,0.6353291,285.6139,340.3025,23.94718,0,2022-06-28 PM 5:29:58
5,22,-0.0017002,1.411401,0.3928537,7.486292,359.8839,358.841,0.1386925,1.217167,0.635888,285.2711,344.1031,20.60911,0,2022-06-28 PM 5:29:58
5,22,-0.0001075,1.411333,0.3916677,7.436222,0.2466111,358.4711,0.13865260000000001,1.2157390000000001,0.6359752000000001,285.6735,342.9405,21.85833,0,2022-06-28 PM 5:29:58
5,22,7.78e-05,1.411346,0.3915859,7.417637,0.7778386,358.436,0.1377175,1.21669,0.6345817,285.5419,341.5272,23.28768,0,2022-06-28 PM 5:29:58
5,22,-0.0003688,1.411463,0.3917124,7.385191,0.8516685,358.4168,0.1389092,1.2169750000000001,0.6348051,285.39,343.4506,21.57287,0,2022-06-28 PM 5:29:58
5,22,-0.0012648,1.411536,0.3920296,7.41954,0.6792871,358.408,0.1385649,1.2168400000000001,0.6343321000000001,285.5518,343.6163,21.38702,0,2022-06-28 PM 5:29:58
5,22,-0.002414,1.410913,0.392285,7.625698,0.1590712,358.3511,0.13682919999999998,1.2156200000000001,0.6338333,285.7137,342.3972,22.40388,0,2022-06-28 PM 5:29:58
5,22,-0.0036368,1.410721,0.3925338,7.658401,359.5473,358.3034,0.13640170000000001,1.2151260000000002,0.6345183,285.8384,342.7148,21.88146,0,2022-06-28 PM 5:29:58
5,22,-0.0048426,1.410804,0.3928539,7.704791,359.043,358.2287,0.13636579999999998,1.214807,0.6344894,285.8555,343.1565,21.43232,0,2022-06-28 PM 5:29:58
5,23,-0.0053815,1.410761,0.3932102,7.714274,358.8622,358.3528,0.1365387,1.214213,0.6348742,285.9706,342.5847,21.95304,0,2022-06-28 PM 5:29:58
5,23,-0.0056601,1.410992,0.393559,7.7105,358.8661,358.3164,0.1364389,1.213938,0.6351191,286.0952,342.4305,22.18618,0,2022-06-28 PM 5:29:59
5,23,-0.0055883,1.411026,0.3943561,7.806092,359.1982,358.3592,0.1369521,1.215152,0.6351219,285.9868,342.4786,22.21125,0,2022-06-28 PM 5:29:59
5,23,-0.0047263,1.410485,0.394487,7.90343,359.5151,358.3188,0.13725379999999998,1.2161060000000001,0.6349829,285.7252,342.59,22.27135,0,2022-06-28 PM 5:29:59
5,23,-0.0039318,1.409944,0.3943258,8.0098,359.804,358.3783,0.1373122,1.215657,0.6347662000000001,285.799,342.4631,22.49869,0,2022-06-28 PM 5:29:59
5,23,-0.0040483,1.410193,0.3944257,7.974084,359.9224,358.5129,0.137484,1.2166510000000001,0.6342741000000001,285.6489,342.1358,22.82815,0,2022-06-28 PM 5:29:59
5,23,-0.003879,1.410291,0.3941876,7.955937,359.9762,358.5218,0.1381616,1.217464,0.6331524000000001,285.3742,342.4506,22.66867,0,2022-06-28 PM 5:29:59
5,23,-0.0037885,1.41032,0.3938726,7.961789,0.0383532,358.5762,0.1382996,1.218298,0.6331478,285.2025,342.2041,22.95739,0,2022-06-28 PM 5:29:59
5,23,-0.003911,1.410501,0.3937477,7.886856,0.034899,358.5614,0.1383429,1.2185030000000001,0.6333498000000001,285.3377,342.1029,23.05562,0,2022-06-28 PM 5:29:59
5,23,-0.0038768,1.410736,0.3937808,7.845609,0.1189594,358.5948,0.1383432,1.2178950000000002,0.6338433,285.4446,342.2925,22.88544,0,2022-06-28 PM 5:29:59
5,24,-0.004764,1.410359,0.3933771,7.955193,359.768,358.5418,0.13800269999999998,1.217789,0.6337033000000001,285.6023,342.0593,23.11134,0,2022-06-28 PM 5:29:59
5,24,-0.0065794,1.410073,0.3933284,8.01151,359.0027,358.5923,0.137361,1.215926,0.6348282000000001,286.0082,341.7999,23.35711,0,2022-06-28 PM 5:30:00
5,24,-0.0087609,1.410199,0.3935407,8.074098,358.3723,358.7333,0.1370437,1.215024,0.6355091,286.2446,341.3643,23.81539,0,2022-06-28 PM 5:30:00
5,24,-0.0106835,1.410277,0.3940306,8.133792,357.9377,358.8377,0.136951,1.2152830000000001,0.6357814,286.3304,341.5133,23.63842,0,2022-06-28 PM 5:30:00
5,24,-0.0119238,1.410003,0.3941483,8.175567,357.6685,358.9607,0.13626280000000002,1.214814,0.6364521000000001,286.4509,341.6125,23.56388,0,2022-06-28 PM 5:30:00
5,24,-0.0136108,1.409887,0.3939573,8.259946,357.4539,359.1688,0.1347239,1.2133660000000002,0.636777,286.7053,340.8712,24.17788,0,2022-06-28 PM 5:30:00
5,24,-0.0164495,1.410621,0.3940721,8.232271,357.1968,359.5053,0.13340760000000002,1.211429,0.6372727,287.1672,340.9656,23.85711,0,2022-06-28 PM 5:30:00
5,24,-0.0182425,1.410584,0.3939286,8.242965,357.4535,0.0275969,0.13106299999999999,1.209421,0.6395448,287.8235,339.9662,24.65724,0,2022-06-28 PM 5:30:00
5,24,-0.0185528,1.409867,0.3940311,8.435628,358.2787,0.4594581,0.1295677,1.2077870000000002,0.6408416,288.2177,341.0422,23.42355,0,2022-06-28 PM 5:30:00
5,24,-0.0187091,1.409836,0.3945268,8.537559,359.1012,0.7380134,0.1265073,1.207192,0.6409723,288.2995,339.1938,25.0156,0,2022-06-28 PM 5:30:00
5,25,-0.019006,1.410293,0.3947893,8.488984,0.0689099,1.019967,0.1240142,1.2109240000000001,0.6420172000000001,288.0492,338.2098,25.71911,0,2022-06-28 PM 5:30:00
5,25,-0.0200517,1.410767,0.3950112,8.349555,0.7932567,1.339138,0.1211191,1.216639,0.6436702000000001,287.5222,336.2745,27.30113,0,2022-06-28 PM 5:30:01
5,25,-0.0214771,1.410682,0.3952484,8.427419,1.205885,1.559792,0.1178952,1.22078,0.6447679000000001,287.3618,333.993,29.26675,0,2022-06-28 PM 5:30:01
5,25,-0.0235404,1.410781,0.3955206,8.331671,1.290527,1.766833,0.1144375,1.222696,0.6460384,287.315,332.8109,30.13964,0,2022-06-28 PM 5:30:01
5,25,-0.024962,1.410876,0.395551,8.35162,1.365797,1.768619,0.11176269999999999,1.2226380000000001,0.6461478,287.416,333.1712,29.48741,0,2022-06-28 PM 5:30:01
5,25,-0.0263292,1.411059,0.3955459,8.330185,1.345636,1.953679,0.1086482,1.2230130000000001,0.6472994000000001,287.6256,332.9644,29.43086,0,2022-06-28 PM 5:30:01
5,25,-0.0314415,1.411319,0.3959921,8.226949,359.4336,1.459497,0.0937151,1.228402,0.6565891,288.5002,327.5466,32.97316,0,2022-06-28 PM 5:30:01
5,25,-0.0357263,1.411132,0.3963392,8.424574,358.2775,1.382253,0.0677662,1.236317,0.6807827000000001,289.9404,323.7208,33.68846,0,2022-06-28 PM 5:30:01
5,25,-0.0405259,1.41309,0.3974813,7.925291,357.4163,1.885145,0.0281525,1.2464920000000002,0.7226099,292.2682,320.2937,33.4644,0,2022-06-28 PM 5:30:01
5,25,-0.0457699,1.415459,0.3998744,7.238603,355.9142,1.795433,-0.014953600000000004,1.2596390000000002,0.7670222,294.0476,318.3066,32.47143,0,2022-06-28 PM 5:30:01
5,26,-0.0519627,1.417818,0.4031499,6.604413,354.3756,1.491873,-0.0566132,1.269242,0.8165315000000001,297.5006,319.0256,30.96754,0,2022-06-28 PM 5:30:01
5,26,-0.0564148,1.419057,0.405645,6.116695,353.4561,1.410982,-0.0805875,1.27153,0.8610021,303.6081,325.163,24.89328,0,2022-06-28 PM 5:30:02
5,26,-0.061016,1.41871,0.4079306,6.104919,352.8347,1.403043,-0.0876553,1.266688,0.8940068,310.1637,332.9993,18.09601,0,2022-06-28 PM 5:30:02
5,26,-0.0641534,1.417479,0.4087771,6.426822,352.4451,1.505795,-0.09076000000000001,1.262402,0.9108621,315.0761,336.6223,14.87415,0,2022-06-28 PM 5:30:02
5,26,-0.0656542,1.416612,0.4082542,6.733454,352.6018,1.697461,-0.08706660000000001,1.2622010000000001,0.9137813,316.0676,338.5546,13.18584,0,2022-06-28 PM 5:30:02
5,26,-0.0655112,1.415421,0.4062813,7.029548,352.7338,1.854094,-0.0725145,1.2701660000000001,0.8864678,308.0282,338.0067,10.89545,0,2022-06-28 PM 5:30:02
7,26,-0.0633496,1.412307,0.4051432,8.09389,353.2106,1.652485,-0.049376699999999996,1.27868,0.8317219,297.0546,332.9738,14.95417,0,2022-06-28 PM 5:30:02
7,26,-0.0580994,1.410036,0.4043036,8.789538,354.075,1.346991,-0.012274199999999999,1.2690970000000001,0.7691709,289.4505,330.0666,17.77867,0,2022-06-28 PM 5:30:02
7,26,-0.050827,1.410741,0.4036085,8.484312,354.6468,1.331033,0.0313548,1.2491370000000002,0.7133247,285.5949,337.5073,13.03688,0,2022-06-28 PM 5:30:02
7,26,-0.0408083,1.412501,0.4022527,7.657578,355.4406,1.21981,0.0693745,1.230853,0.6690375000000001,283.5677,342.213,12.9783,0,2022-06-28 PM 5:30:02
7,27,-0.0305311,1.41457,0.3997466,6.917449,356.2821,0.9334256,0.0980857,1.221422,0.6432332000000001,283.2273,348.0209,11.2853,0,2022-06-28 PM 5:30:02
7,27,-0.0197163,1.417382,0.3954286,5.63489,356.9863,0.1203461,0.1203002,1.2188370000000002,0.6242460000000001,281.9584,344.9968,18.37539,0,2022-06-28 PM 5:30:03
7,27,-0.0112516,1.423968,0.3911031,2.629072,357.3987,359.2042,0.1103263,1.1773010000000002,0.5994314000000001,278.887,18.96218,351.7636,0,2022-06-28 PM 5:30:03
7,27,-0.0063026,1.43015,0.3861087,359.9453,357.5186,358.868,0.1403216,1.2373310000000002,0.6146086000000001,279.0648,21.71259,347.1398,0,2022-06-28 PM 5:30:03
7,27,-0.0039783,1.434406,0.3821589,358.2554,357.2824,358.232,0.1447095,1.2323330000000001,0.6175882,279.8627,13.103,354.7322,0,2022-06-28 PM 5:30:03
7,27,-0.0030782,1.437874,0.3796006,356.6886,357.5716,358.0342,0.1422875,1.2276960000000001,0.6182960000000001,280.0356,5.461247,1.568278,0,2022-06-28 PM 5:30:03
7,27,-0.0032811,1.440258,0.3776105,355.7267,358.0418,358.1121,0.1402159,1.226962,0.6181883,279.9428,2.358099,4.129892,0,2022-06-28 PM 5:30:03
7,27,-0.0042299,1.440963,0.3764974,355.3312,358.3546,358.2259,0.1410256,1.228083,0.6189069,280.3436,0.9568684,5.031029,0,2022-06-28 PM 5:30:03
7,27,-0.005386,1.440383,0.375882,355.4762,358.2786,358.2783,0.14074399999999998,1.2279120000000001,0.6177767000000001,280.2297,358.1197,7.953631,0,2022-06-28 PM 5:30:03
7,27,-0.0062246,1.440041,0.3758184,355.6869,358.1078,358.2902,0.1408196,1.2288480000000002,0.617395,280.0994,356.1702,9.8543,0,2022-06-28 PM 5:30:03
7,28,-0.0066484,1.440359,0.375648,355.5898,358.0008,358.3387,0.1405011,1.2294260000000001,0.6170055,280.1217,354.5727,11.30649,0,2022-06-28 PM 5:30:03
7,28,-0.006449,1.440592,0.3755022,355.4694,357.9483,358.4113,0.1406886,1.229271,0.6174160000000001,280.0104,353.6032,12.19404,0,2022-06-28 PM 5:30:04
7,28,-0.0060297,1.440085,0.3754302,355.565,358.0278,358.3929,0.1412598,1.230039,0.6168338,280.0429,353.2663,12.60571,0,2022-06-28 PM 5:30:04
7,28,-0.0064073,1.440382,0.3755915,355.4926,357.906,358.5071,0.1412447,1.230451,0.6161779000000001,279.8952,351.9128,13.97625,0,2022-06-28 PM 5:30:04
7,28,-0.0062966,1.440242,0.3754978,355.4932,357.9478,358.4038,0.1416829,1.231403,0.6168009,279.8975,351.6478,14.22667,0,2022-06-28 PM 5:30:04
7,28,-0.0060645,1.439704,0.3751401,355.4926,357.9719,358.4746,0.1420147,1.231716,0.6170834000000001,279.856,351.5404,14.32928,0,2022-06-28 PM 5:30:04
7,28,-0.0063032,1.439683,0.3747399,355.4612,357.8912,358.5297,0.14166289999999998,1.231878,0.6159929000000001,279.8159,351.5844,14.28801,0,2022-06-28 PM 5:30:04
7,28,-0.0065118,1.439675,0.3746218,355.4713,357.855,358.5696,0.1415583,1.232431,0.6160907,279.7246,351.8078,14.0374,0,2022-06-28 PM 5:30:04
7,28,-0.0065291,1.439734,0.3745425,355.4622,357.8737,358.5128,0.1417206,1.2332450000000001,0.615477,279.5831,351.0471,14.76524,0,2022-06-28 PM 5:30:04
7,28,-0.006025,1.439568,0.3743497,355.4625,357.9613,358.457,0.1418819,1.233649,0.6153315,279.6293,351.553,14.24096,0,2022-06-28 PM 5:30:04
7,29,-0.0062698,1.439676,0.3744963,355.4947,357.9013,358.5449,0.1421386,1.233734,0.6153668,279.6008,351.7252,14.06338,0,2022-06-28 PM 5:30:04
7,29,-0.0069275,1.439529,0.3747334,355.5777,357.7884,358.5066,0.1426007,1.23506,0.6157943,279.4883,351.0271,14.82841,0,2022-06-28 PM 5:30:05
7,29,-0.0069866,1.439723,0.3745189,355.7003,358.9228,359.0784,0.1418305,1.247347,0.6204673,279.0542,349.7788,15.0156,0,2022-06-28 PM 5:30:05
7,29,-0.0033927,1.439993,0.3734728,355.6067,1.660857,359.4924,0.1447484,1.291477,0.6335746,276.4498,355.3697,7.355011,0,2022-06-28 PM 5:30:05
7,29,0.0013559,1.440324,0.3720416,355.6143,5.012033,359.9597,0.1496015,1.3564230000000002,0.6544028000000001,271.4442,4.723448,356.9583,0,2022-06-28 PM 5:30:05
7,29,0.0048416,1.44119,0.3714357,355.603,7.671222,0.3052298,0.1487118,1.417176,0.6919333,270.8152,275.9716,85.52834,0,2022-06-28 PM 5:30:05
7,29,0.0055858,1.442178,0.3721741,355.4299,9.189478,0.5269638,0.14568730000000002,1.462117,0.7396861,275.1719,337.39,21.71285,0,2022-06-28 PM 5:30:05
7,29,0.0034596,1.442825,0.3735655,355.4087,9.912291,0.6741756,0.145401,1.492405,0.7835213,280.2519,356.1148,1.415009,0,2022-06-28 PM 5:30:05
7,29,-0.0009093,1.443316,0.375909,355.3771,9.606094,1.282367,0.1439355,1.5076230000000002,0.8139015,283.7623,359.2443,357.4222,0,2022-06-28 PM 5:30:05
7,29,-0.0063014,1.443249,0.3779665,355.4784,8.860342,1.822638,0.14261459999999998,1.5137340000000001,0.8410650000000001,289.0973,1.867464,353.0755,0,2022-06-28 PM 5:30:05
7,30,-0.0118768,1.443623,0.3792043,355.426,8.024553,2.489242,0.14248539999999998,1.515948,0.8642198,293.4312,3.695674,349.519,0,2022-06-28 PM 5:30:05
7,30,-0.0164939,1.444426,0.3803144,355.0973,7.331265,3.004151,0.14334039999999998,1.514704,0.8880206,298.3181,4.280501,350.0412,0,2022-06-28 PM 5:30:06
7,30,-0.0203388,1.44496,0.3812693,355.0142,6.863555,3.422864,0.145772,1.5110130000000002,0.9075745000000001,304.6614,6.085516,348.6302,0,2022-06-28 PM 5:30:06
7,30,-0.0239016,1.445358,0.3812335,354.9847,6.796,3.714631,0.1486488,1.5077960000000001,0.9120206000000001,305.0165,6.950835,349.5042,0,2022-06-28 PM 5:30:06
7,30,-0.0284033,1.44671,0.3806511,354.4416,6.165434,4.04737,0.14988849999999998,1.505123,0.9010252000000001,302.4897,7.337139,349.1981,0,2022-06-28 PM 5:30:06
7,30,-0.0331739,1.448108,0.3795187,353.8187,5.086616,4.423017,0.1492961,1.506104,0.8751329,297.4751,8.967786,345.6428,0,2022-06-28 PM 5:30:06
7,30,-0.0365169,1.449731,0.3787113,352.9326,4.138511,4.74592,0.13673839999999998,1.515177,0.8383876,289.3815,3.283473,348.8262,0,2022-06-28 PM 5:30:06
7,30,-0.0390496,1.451017,0.3785442,352.2737,3.490998,5.298433,0.121272,1.530488,0.8048955,282.4072,355.007,353.856,0,2022-06-28 PM 5:30:06
7,30,-0.0412195,1.4515,0.3782879,352.0703,3.026535,5.631204,0.1003802,1.549452,0.78412,279.1804,341.2972,5.282174,0,2022-06-28 PM 5:30:06
7,30,-0.0438184,1.451862,0.3780305,351.7147,2.43062,5.839652,0.07772789999999999,1.5688220000000002,0.7774054,278.5272,326.0974,18.62257,0,2022-06-28 PM 5:30:06
7,31,-0.0467465,1.452386,0.3780918,351.5475,2.098311,5.959815,0.0557198,1.584362,0.7850603,279.4242,319.4357,25.13473,0,2022-06-28 PM 5:30:06
7,31,-0.0505981,1.452926,0.3787706,351.3504,1.577584,6.169217,0.0345295,1.598174,0.8041779,282.193,323.7128,21.36478,0,2022-06-28 PM 5:30:07
7,31,-0.0549939,1.45273,0.3797422,351.4075,0.9013175,6.49612,0.015712499999999997,1.6075700000000002,0.8311652,286.6826,330.6967,16.70962,0,2022-06-28 PM 5:30:07
7,31,-0.0597686,1.452844,0.3808587,351.4782,0.2761698,6.777427,0.004511499999999998,1.6127440000000002,0.8621086,293.1662,340.3958,10.49389,0,2022-06-28 PM 5:30:07
7,31,-0.0641279,1.452111,0.3818324,351.6488,359.713,7.152571,-0.00022149999999999948,1.612046,0.8892511000000001,300.8782,346.9265,5.941614,0,2022-06-28 PM 5:30:07
7,31,-0.0672433,1.45084,0.382293,352.0764,359.6027,7.43349,-0.00029900000000000065,1.6123260000000001,0.9004484,302.4054,349.1324,5.986394,0,2022-06-28 PM 5:30:07
7,31,-0.069123,1.449388,0.3817655,352.5118,359.8131,7.830088,0.0029055999999999978,1.612692,0.9032689,302.4507,351.1802,3.898717,0,2022-06-28 PM 5:30:07
7,31,-0.0700797,1.449575,0.3805725,352.3896,359.8913,7.834732,0.0063176,1.611877,0.9033807,301.7305,351.103,3.489337,0,2022-06-28 PM 5:30:07
7,31,-0.0714482,1.448596,0.3800002,352.8439,359.6187,7.96379,0.0132363,1.610791,0.8985268000000001,300.8668,353.6754,359.2992,0,2022-06-28 PM 5:30:07
7,31,-0.0726805,1.446273,0.3810632,353.7955,359.3224,7.978395,0.0191534,1.608584,0.8734962000000001,295.8281,353.1181,355.9984,0,2022-06-28 PM 5:30:07
7,32,-0.0725827,1.443861,0.3828102,354.9344,359.4965,7.92402,0.0248893,1.595707,0.8379396,289.4479,351.6124,354.1349,0,2022-06-28 PM 5:30:07
7,32,-0.0724027,1.441813,0.3833774,355.7033,359.4802,7.917509,0.028100999999999998,1.568468,0.803728,285.1676,345.3072,358.382,0,2022-06-28 PM 5:30:08
7,32,-0.0714817,1.440293,0.3831765,356.1979,359.3143,7.814088,0.030893499999999997,1.529106,0.7808706000000001,283.1913,342.0436,0.1506728,0,2022-06-28 PM 5:30:08
7,32,-0.0694072,1.439356,0.3835843,356.7186,359.4876,7.439949,0.0295215,1.490609,0.7689027,280.6503,334.1911,9.60635,0,2022-06-28 PM 5:30:08
7,32,-0.0669566,1.438732,0.3845372,357.0963,359.6873,7.082547,0.0283608,1.460069,0.7686938,280.1438,335.0392,9.214214,0,2022-06-28 PM 5:30:08
7,32,-0.0645309,1.437711,0.3864099,357.6386,359.8733,6.71313,0.0231941,1.4382970000000002,0.7787512,282.542,330.2083,14.93545,0,2022-06-28 PM 5:30:08
7,32,-0.062286,1.436647,0.3880203,357.9988,0.07304,6.422865,0.01804,1.424948,0.7947613,284.4247,324.9688,22.20273,0,2022-06-28 PM 5:30:08
7,32,-0.0606706,1.435843,0.3895617,358.3062,0.0480735,6.190826,0.0130188,1.4158650000000002,0.818195,287.4689,326.778,21.75239,0,2022-06-28 PM 5:30:08
7,32,-0.0591986,1.435221,0.3912086,358.7343,0.0356827,6.031697,0.005561099999999999,1.407334,0.8541151,293.6542,332.5048,17.29264,0,2022-06-28 PM 5:30:08
7,32,-0.0579805,1.435532,0.3927657,358.9346,0.307916,5.688864,0.001011999999999999,1.3977030000000001,0.8917819,302.5984,340.2278,10.21,0,2022-06-28 PM 5:30:08
7,33,-0.0585357,1.435193,0.3945088,359.0965,0.0866607,5.534711,-0.001319600000000004,1.3929470000000002,0.9078826,305.7419,342.3895,8.960278,0,2022-06-28 PM 5:30:08
7,33,-0.0593053,1.434545,0.3958995,359.382,359.9782,5.552774,-0.001842400000000001,1.392835,0.9131509,306.2852,343.1944,8.600564,0,2022-06-28 PM 5:30:09
7,33,-0.0599638,1.4344,0.3961166,359.5323,0.0493555,5.701439,-4.699999999999843e-06,1.3923880000000002,0.9119092,306.4726,344.5422,6.843102,0,2022-06-28 PM 5:30:09
7,33,-0.0599595,1.434389,0.3952218,359.5363,0.3647158,5.668389,0.006782999999999997,1.397446,0.8920115000000001,301.8867,345.7585,3.539627,0,2022-06-28 PM 5:30:09
7,33,-0.0587521,1.433894,0.3942413,359.4884,1.075361,5.525208,0.020858099999999997,1.4022020000000002,0.8571373,294.2725,346.6381,0.1258969,0,2022-06-28 PM 5:30:09
7,33,-0.0569775,1.433209,0.3938082,359.7245,1.854448,5.473984,0.0411582,1.403095,0.8197681,287.7621,348.6227,357.2692,0,2022-06-28 PM 5:30:09
7,33,-0.0545068,1.433157,0.3937495,359.8539,2.743218,5.552274,0.067856,1.405672,0.78959,281.2527,357.3639,349.4932,0,2022-06-28 PM 5:30:09
7,33,-0.0507555,1.43331,0.3936536,359.9677,3.589926,5.3515,0.0930481,1.4099110000000001,0.7758809,277.0915,10.56006,340.301,0,2022-06-28 PM 5:30:09
7,33,-0.0465275,1.432912,0.39307,0.2074452,4.357535,5.175513,0.111916,1.414901,0.7862219,277.5713,9.443975,344.3643,0,2022-06-28 PM 5:30:09
7,33,-0.0420106,1.432522,0.392179,0.2691292,4.989385,5.09351,0.1281352,1.4173980000000002,0.8096319000000001,280.2993,10.14244,346.1247,0,2022-06-28 PM 5:30:09
7,34,-0.0381228,1.432028,0.3923969,0.4322295,5.33943,5.014541,0.13618449999999999,1.4173360000000002,0.8418258000000001,285.6937,4.608927,353.4159,0,2022-06-28 PM 5:30:09
7,34,-0.0347692,1.431637,0.3938287,0.6517957,5.755701,4.831296,0.14149679999999998,1.414301,0.8748265000000001,294.799,4.597449,355.5943,0,2022-06-28 PM 5:30:10
7,34,-0.0328302,1.430877,0.3955911,1.036028,5.996085,4.759711,0.1450571,1.412719,0.8979825,299.2181,4.328408,357.8328,0,2022-06-28 PM 5:30:10
7,34,-0.0319834,1.429533,0.3973693,1.634147,6.001137,4.661419,0.1475267,1.411327,0.9110368,302.5958,5.085664,356.3959,0,2022-06-28 PM 5:30:10
7,34,-0.03202,1.428261,0.3985915,2.29267,6.055113,4.651494,0.1496443,1.411357,0.9136082,302.7234,5.284924,356.2308,0,2022-06-28 PM 5:30:10
7,34,-0.0321689,1.425416,0.398588,3.43131,5.974487,4.671078,0.1527169,1.4122000000000001,0.9037434,300.5552,6.784452,353.4407,0,2022-06-28 PM 5:30:10
7,34,-0.0317104,1.422431,0.3983511,4.663108,6.055478,4.478806,0.1528746,1.410719,0.8927759000000001,299.4144,5.46294,353.3423,0,2022-06-28 PM 5:30:10
7,34,-0.0310746,1.419522,0.3980094,5.666865,6.314508,4.524714,0.1572473,1.410265,0.8744963,296.9441,7.91407,349.857,0,2022-06-28 PM 5:30:10
7,34,-0.0320244,1.418038,0.3985688,6.323792,6.192218,4.577426,0.1648937,1.407718,0.8482283,293.5441,12.41121,343.9412,0,2022-06-28 PM 5:30:10
7,34,-0.0317432,1.416925,0.3988674,6.777278,6.245719,4.346873,0.171124,1.39711,0.8207651,290.7487,12.88557,342.7597,0,2022-06-28 PM 5:30:10
7,35,-0.0307219,1.415687,0.3987766,7.176535,6.53028,4.243473,0.1781133,1.381507,0.7931288000000001,288.4987,12.80204,342.7525,0,2022-06-28 PM 5:30:10
7,35,-0.0289397,1.416155,0.3982008,6.96359,6.916406,4.291446,0.1861766,1.3619100000000002,0.7689103,287.9727,14.83144,340.8355,0,2022-06-28 PM 5:30:11
7,35,-0.0266509,1.416604,0.3971907,6.74816,7.189449,4.146496,0.190556,1.341128,0.7472161,286.5916,15.50835,342.234,0,2022-06-28 PM 5:30:11
7,35,-0.0238658,1.41734,0.3954664,6.488902,7.406536,3.813744,0.1874829,1.319846,0.7392584,287.7692,10.89856,347.2319,0,2022-06-28 PM 5:30:11
7,35,-0.0199983,1.417949,0.3930213,6.224159,7.892225,3.565454,0.1769009,1.3063310000000001,0.7473611,289.6619,0.7732102,356.9495,0,2022-06-28 PM 5:30:11
7,35,-0.0168842,1.419364,0.3905492,5.720411,8.16434,3.335826,0.1655572,1.3064170000000002,0.7710854,290.849,354.9037,2.420141,0,2022-06-28 PM 5:30:11
7,35,-0.0150814,1.421062,0.3885873,5.272989,8.017697,3.044168,0.1564024,1.308251,0.8111864,292.6029,352.1574,5.545924,0,2022-06-28 PM 5:30:11
7,35,-0.0152253,1.42282,0.3886036,4.754118,7.407971,2.79582,0.1529527,1.307376,0.8557943,296.5367,355.4709,2.985169,0,2022-06-28 PM 5:30:11
7,35,-0.0168212,1.423184,0.3908284,4.724041,6.600178,2.712167,0.1505077,1.304472,0.8886648,300.3345,356.6353,2.560001,0,2022-06-28 PM 5:30:11
7,35,-0.0196617,1.423196,0.3941463,4.819605,5.853892,2.746913,0.15184720000000002,1.3027710000000001,0.9074651,304.4821,359.666,0.4815153,0,2022-06-28 PM 5:30:11
7,36,-0.0218906,1.42238,0.3970376,5.117336,5.469652,3.004052,0.1518648,1.303442,0.9133996,306.5053,359.3296,0.6753079,0,2022-06-28 PM 5:30:11
7,36,-0.0224201,1.421698,0.3976911,5.372673,5.682439,3.04349,0.1521855,1.303588,0.9094983,306.5619,358.7416,1.112098,0,2022-06-28 PM 5:30:12
7,36,-0.0228765,1.421749,0.3970898,5.220435,5.593881,3.130785,0.1554232,1.305255,0.8863777,303.622,0.1926149,358.0628,0,2022-06-28 PM 5:30:12
8,time,-0.023397,1.422698,0.3963451,4.666436,5.275248,2.946946,0.15625239999999999,1.296986,0.8451041,299.411,357.6098,359.8249,0,2022-06-28 PM 5:30:12
8,time,-0.0227798,1.424041,0.3955645,3.943574,5.076801,2.427237,0.1540033,1.2742520000000002,0.7922515,295.8807,349.5968,7.978308,0,2022-06-28 PM 5:30:12
8,time,-0.021451,1.425535,0.3949361,3.06559,4.539484,2.236689,0.15369280000000002,1.2364970000000002,0.7442592,296.7871,346.5387,10.95632,0,2022-06-28 PM 5:30:12
8,time,-0.0197431,1.427256,0.3942921,2.134982,3.610727,2.048049,0.1543994,1.1976660000000001,0.705902,299.7076,348.3357,9.113917,0,2022-06-28 PM 5:30:12
8,time,-0.0181048,1.428668,0.392912,1.457844,2.19162,1.519869,0.15426299999999998,1.171985,0.6793152,301.3081,349.6827,8.009008,0,2022-06-28 PM 5:30:12
8,time,-0.0153793,1.430261,0.3919185,0.6572158,1.107703,0.8839827,0.1565676,1.1602480000000002,0.6621951,301.4283,353.4514,4.596371,0,2022-06-28 PM 5:30:12
8,time,-0.0110674,1.43136,0.3905388,0.0442728,0.5710107,359.849,0.15846369999999999,1.158558,0.6542286,300.984,356.446,2.062697,0,2022-06-28 PM 5:30:12
8,time,-0.0071996,1.430703,0.3893904,0.3061388,0.4469189,358.6182,0.1563521,1.1613280000000001,0.64929,300.3582,351.5721,6.622547,0,2022-06-28 PM 5:30:12
8,time,-0.0037467,1.435908,0.389489,357.5015,0.3906963,358.4588,0.1598643,1.165909,0.6460267000000001,299.493,352.8174,5.537236,0,2022-06-28 PM 5:30:13
8,time,-0.0004826,1.43941,0.387908,355.7807,0.4067892,358.3892,0.1639698,1.1700220000000001,0.6436435,298.2693,353.4019,5.365322,0,2022-06-28 PM 5:30:13
8,time,0.0025203,1.441212,0.3863062,355.1219,0.8684191,357.9436,0.1708579,1.169653,0.6440035000000001,297.9115,354.684,4.769657,0,2022-06-28 PM 5:30:13
8,time,0.0042311,1.44227,0.3849183,354.5293,1.23216,357.8328,0.1734605,1.17049,0.6439897,297.7348,355.2224,4.559807,0,2022-06-28 PM 5:30:13
8,time,0.0037903,1.441694,0.3839334,354.675,0.9827052,357.7959,0.1726932,1.17205,0.6430873,297.3758,355.1757,4.680051,0,2022-06-28 PM 5:30:13
8,time,0.0022043,1.441439,0.3834702,354.6779,0.5050169,357.9598,0.1714837,1.173939,0.6411904,296.8716,355.0059,4.862464,0,2022-06-28 PM 5:30:13
8,time,0.0005751,1.442257,0.382807,354.4001,0.4715106,358.1471,0.1713478,1.175073,0.6403414000000001,296.5875,355.4299,4.585889,0,2022-06-28 PM 5:30:13
8,time,-0.0011503,1.44304,0.3819025,354.1925,0.3425371,358.3539,0.1703445,1.176735,0.640437,296.5168,355.3542,4.776238,0,2022-06-28 PM 5:30:13
8,time,-0.0025105,1.44365,0.3810731,353.9414,0.166629,358.4795,0.1692152,1.17806,0.6395465,296.0313,355.1503,5.029734,0,2022-06-28 PM 5:30:13
